Id,Price
4567,167189.78
5925,120782.69
960,139259.58
3848,98882.08
746,178374.72
868,343117.2
672,94648.88
2471,207028.5
4510,106151.805
8354,296350.66
6393,183170.39
13270,230929.05
5250,277933.4
16751,178417.11
11404,141437.72
10588,338275.66
14925,176624.1
6791,202776.16
16097,176842.22
16428,395828.88
6945,319038.53
3190,182284.17
15709,441286.2
13155,137047.7
7675,202534.4
14686,210190.11
609,153518.83
11155,151846.38
10869,171625.23
15742,190785.67
9245,196351.08
3340,161836.12
2359,286710.88
8070,184353.16
13707,129845.01
16079,262574.6
15937,276578.66
14090,187964.83
9008,203744.89
16384,166096.25
11657,223533.86
13151,164914.78
8990,151872.42
11857,188823.72
1565,160802.14
8174,100858.82
9247,249490.48
10478,223427.52
15509,143242.5
8306,261861.28
6642,176519.52
7472,222850.61
15989,132083.1
13682,123377.99
163,244340.94
7076,183178.95
7478,313100.0
3029,187357.19
1814,140163.6
10057,134327.98
15100,185669.77
12694,223603.81
6291,195312.06
12603,205846.55
3218,237975.31
13456,126989.72
10170,241718.16
4530,180543.12
13329,174218.2
4820,154901.84
10896,167532.12
13416,123585.5
2701,211614.14
11265,319446.75
9189,260594.22
1858,223873.0
14536,244461.67
6199,279451.28
14730,159736.67
7510,270385.44
15505,166135.31
7446,174016.22
14016,199854.02
14113,104820.34
8721,289979.8
6193,290772.94
5717,175876.25
5427,293494.88
9520,499929.28
6869,96278.96
1658,149423.28
6639,232161.6
6283,198822.73
6257,124151.95
15235,181665.97
902,195658.47
8932,176892.11
16469,403081.47
2825,261694.2
6450,529012.94
11366,189714.94
3801,407661.72
11385,190541.69
1079,194930.72
3202,246732.06
676,222701.52
6185,293969.34
7730,153865.86
2573,186615.92
10978,204905.62
10962,242904.19
8870,179828.81
8496,170395.22
5517,170311.45
927,170071.94
13675,195213.58
1499,214851.94
15536,333677.4
8602,368910.84
12137,376660.7
9865,221389.34
16353,287359.8
15908,238054.72
3944,177664.17
10359,206334.97
15158,229779.31
3259,246155.69
7220,309226.16
13843,209607.75
16736,183691.1
702,255158.81
16401,340924.22
12134,197340.92
6918,208293.11
11792,157569.27
3798,157758.02
10395,134710.45
11099,99004.57
7090,200434.48
11260,208030.2
9647,214261.11
2903,455292.34
2071,189975.38
8604,167527.27
9346,213446.9
3945,207862.36
3420,140871.97
10842,126097.81
725,168345.83
13931,197030.81
16330,237154.77
9066,424465.3
3326,289179.0
1556,281491.5
6579,100675.79
13877,153516.16
9857,358065.47
7302,274686.9
5684,199694.34
6513,213171.69
11342,110562.086
16561,240314.52
6885,165148.19
9308,171717.19
2559,193903.78
6648,167049.16
15260,163115.06
5113,176700.94
16492,197361.33
12034,285024.2
7248,220130.52
2171,219775.44
10594,178087.89
13241,204847.78
7032,139613.27
4884,167058.94
903,212300.98
162,171632.95
6566,261909.45
8249,150992.58
13106,165022.34
256,129108.38
7976,169085.23
8575,184294.86
7591,284445.3
3204,159417.42
15804,182418.69
1525,328155.97
9038,204936.1
13628,205819.84
10016,208451.95
10208,217261.55
2008,199908.05
13029,201849.14
5099,131946.33
9923,304274.44
9461,121467.55
11086,198808.64
15057,320661.38
10689,173082.66
2053,212033.03
16630,144539.22
4985,170217.72
13881,265725.62
13225,195114.94
5779,69174.52
10262,194242.52
10762,218411.58
9513,198753.53
11128,163050.95
2074,320983.28
933,185203.6
2780,177848.47
6594,114424.586
15394,292802.38
14863,149389.61
6698,210447.03
1611,251662.7
174,194033.88
5160,167697.5
3295,334684.34
4559,436017.7
8254,160791.64
10228,100360.016
13924,109094.82
15341,256825.88
4353,164558.3
4334,73646.984
1872,152020.98
7823,201974.84
310,151595.53
3704,248002.08
11615,274181.84
6605,209590.86
3381,181759.62
2143,141994.22
3191,252061.27
13980,158177.72
15613,162282.19
10943,268271.3
9654,143715.25
16053,518052.25
14931,224096.81
8299,223329.67
2147,177072.28
11567,254143.19
5905,132690.92
11160,101957.34
8275,148819.17
16398,297462.16
11229,190446.55
10309,167282.39
7340,271810.38
7653,141792.0
272,214509.4
9831,223948.97
5016,139775.98
5968,67904.56
796,275196.2
12123,124654.32
16629,197951.25
2637,179273.14
6194,245476.75
6216,364811.72
14346,169890.05
6428,121562.15
2891,230625.05
84,179468.7
9260,209618.47
15250,135130.3
2348,247359.52
10427,267928.78
13230,239794.53
1691,252200.97
8803,126354.28
5464,147551.33
10559,113788.34
16787,293962.94
4278,146058.78
6183,172917.98
12775,143408.88
10104,168430.03
13663,178298.78
9404,265434.9
14724,221892.2
10040,180556.47
4646,194464.58
4754,154631.83
3310,227998.25
2003,193084.75
7312,250788.5
10921,219655.3
13419,284679.88
10105,172172.38
2196,505017.88
12659,227288.12
4380,277156.25
10847,160954.73
10805,289595.4
8709,101054.36
8319,195037.62
2215,180043.11
7000,179328.28
7701,109782.63
9678,195680.17
14026,190814.69
7971,156039.1
13734,149755.48
16483,215285.83
6150,198670.44
2931,282182.6
5418,186205.03
1662,483097.16
2441,214274.38
669,135849.73
7734,203732.1
6010,285090.88
266,147026.97
632,137640.45
16221,91571.55
11832,179631.3
5035,127771.87
37,118660.875
6168,176902.62
11757,181305.33
8086,127444.17
6529,225332.0
15121,195920.03
13904,140213.88
3711,164204.16
16563,132342.78
14494,173520.7
3006,242265.19
15299,129042.85
92,281550.97
8066,177941.36
16071,209766.38
10662,144129.0
3883,242316.23
5511,127325.875
2821,285832.75
9570,213332.77
4326,243483.58
9251,259960.56
9031,208291.45
12689,154222.39
16380,244605.75
1053,253049.06
4568,175799.73
16140,110141.54
14356,391563.72
8466,187454.92
15652,150557.72
3285,132888.62
3198,166995.97
14088,393639.7
2268,129473.39
15472,181237.14
1203,163813.34
7157,297725.62
6886,202763.02
5083,261113.05
7467,122784.37
14068,203895.72
2080,173634.08
10865,148189.34
13516,182719.5
14150,213237.48
7609,116267.92
2144,321404.28
10357,189406.48
2396,239510.55
1526,265290.06
10890,252740.39
8638,419779.9
6050,273202.0
7639,103164.14
10544,205128.84
9577,207404.52
13195,215592.45
3484,226122.05
16668,441707.7
7171,191864.06
8547,205111.94
12735,200281.33
9093,201255.8
15323,265380.88
14897,142276.27
5135,144246.22
5327,230103.25
13133,247881.42
1676,288240.1
16296,301395.16
1095,152060.16
12528,155454.67
7348,266287.16
11663,167840.6
1803,210790.98
1510,230650.34
16045,187328.75
2900,156123.22
3236,169240.98
1318,156120.08
14948,213110.6
7840,246456.38
15325,189953.61
8700,158579.84
15706,192173.53
14449,160758.81
16117,195070.61
4529,197838.11
11199,203059.1
4052,379905.75
821,212699.77
68,249821.4
554,115424.73
452,192763.34
11394,303114.34
11393,176143.03
9535,164214.98
4024,186160.84
10069,217920.22
12007,158072.97
12368,426327.2
1259,363068.25
1124,316229.47
3707,187179.75
8767,164036.89
1919,157245.12
16741,162158.6
6664,283466.8
5688,383865.9
7799,160206.73
14843,312494.2
7532,168430.94
8133,159768.0
6264,328361.03
4125,163751.17
2410,176405.81
13607,199906.17
1716,285652.38
1370,148498.17
2273,379918.06
15298,320203.66
4284,254048.36
12303,144754.44
7808,131173.28
2203,152543.69
7237,130315.14
15864,165091.88
2844,133672.52
5729,161008.98
11812,434219.5
1779,162381.14
6442,133494.38
6160,211870.94
8266,183436.11
9903,154846.84
2867,137408.3
6998,172940.23
13932,167783.48
12587,166039.75
3611,272475.03
2646,286072.47
1890,164121.55
860,275434.8
14187,202767.81
12569,269608.0
1276,87952.12
12025,190840.14
4890,282647.06
14410,387712.25
10352,230285.11
11407,164614.14
10384,161603.05
7622,275792.06
12578,164485.64
15820,177941.17
563,203730.64
15226,149140.88
6396,220397.31
6247,142125.67
3339,154995.36
10975,262669.9
7475,118752.39
11129,246351.2
3051,252247.2
10232,253699.45
14106,196854.83
5502,226831.08
4558,76539.586
4181,151914.5
8426,127219.39
6611,167997.6
14641,140861.25
15539,278952.97
13119,124638.72
11716,189399.95
7316,242919.12
7791,107690.84
13034,294940.72
1068,249347.34
4060,168568.14
10172,236015.25
2591,185101.31
12494,355999.78
7828,263510.7
15284,172711.05
7947,190926.44
16335,212753.83
10234,357490.6
2797,245176.05
5341,211679.94
3059,165371.55
1559,65742.0
15320,287020.9
10284,322212.3
4134,199339.05
4481,209005.0
7222,120790.44
4062,265781.75
2192,245799.1
9637,175016.78
16236,157794.56
4272,165901.23
9406,317246.78
14309,224452.36
1946,270336.75
16235,231396.94
7146,163369.83
16784,219438.16
349,319929.12
6251,172096.42
5128,399229.22
11718,171849.88
16721,86225.66
12517,188913.77
15961,184695.9
9428,148822.52
14541,144182.83
10168,108166.836
11270,163135.94
13210,206838.81
11518,167535.4
12612,181475.48
16352,129553.06
9935,154990.03
15521,276096.66
11482,200976.89
11443,180562.98
9459,255926.53
9218,178803.9
854,156053.83
5619,157984.5
9208,184063.14
4391,142875.23
15207,162288.5
7183,192962.2
16442,220784.88
7936,81134.8
10606,368454.16
4979,156522.44
4854,332309.4
16476,132437.3
10516,154200.19
16261,300999.5
90,321400.88
5433,162658.39
14338,139774.42
13487,220134.94
8211,473934.03
170,176163.73
14051,100858.516
10686,199948.55
7595,332180.8
6777,346889.44
14661,185206.0
13991,334783.97
16795,173011.14
2740,137021.67
7368,404508.3
2413,249816.23
1852,475559.78
15200,365077.2
8467,325813.88
16379,283146.25
3375,188264.77
5945,457743.12
2641,167952.06
2837,328004.12
3498,160496.11
10876,136253.95
1285,229858.83
9285,231983.23
4015,330714.75
2526,195178.16
7814,221929.22
7117,309550.53
12359,115959.52
3303,262264.97
13874,159364.03
5484,191396.92
15067,159875.81
12639,215113.58
3388,229632.27
4256,180572.02
15738,179367.66
14049,179589.86
15780,179400.72
9564,162429.9
11910,195780.28
11315,170069.42
1733,164341.11
3910,414666.3
7552,525590.2
254,179001.03
5222,193245.69
8314,233613.06
16743,280374.3
10335,106937.6
8226,299634.5
12254,224874.5
13152,216688.9
15020,201286.25
16349,226954.58
11924,159505.25
12543,186129.19
14114,244231.86
12318,259836.0
15383,156023.89
6679,194497.19
635,178226.62
15993,262877.12
11375,174350.4
11216,180254.38
15401,223075.64
11301,142573.38
13804,286055.62
10839,193949.56
1588,342544.5
3596,200840.86
5816,162268.67
8099,142671.89
6551,186805.17
14075,536157.8
13431,194903.28
9481,329019.22
5295,160954.83
15859,378786.44
10634,327583.5
444,227638.39
11686,261417.08
1213,200807.81
13970,108027.97
6849,470308.97
9911,225668.98
5649,145330.86
7184,230988.81
5877,252852.69
1655,205797.39
15301,199716.53
12389,236314.58
5241,301345.0
7048,177568.69
10574,140478.4
8593,151823.88
4752,172413.58
14663,175604.02
10994,216978.11
87,83880.2
5132,129392.73
6372,365801.12
7411,321912.7
3319,259983.17
9355,129244.37
5139,255701.28
56,299367.78
3249,171769.0
5047,87067.44
13238,288080.12
2190,214075.62
15599,174559.14
6542,162580.66
1968,169899.94
5630,151916.08
9157,242530.67
789,187103.39
1413,285680.8
12514,240212.19
13459,142671.89
1345,245330.11
4034,198571.25
15169,137438.03
6770,253985.6
3334,182435.8
12998,154271.98
15870,223919.78
1871,157518.12
5770,146782.45
13196,95661.69
7633,228422.83
10699,207407.0
15470,186516.44
1903,517991.22
13860,219435.08
7649,243452.9
11043,207137.9
2922,230122.53
7538,464456.38
9477,119144.17
117,514394.22
1457,266432.97
7082,161940.12
3053,262777.78
12522,112088.836
5744,439180.47
13566,361152.12
1464,142647.05
3852,117630.414
9557,234205.7
14719,370251.6
13978,126097.34
3286,154809.17
13019,404971.22
1421,138381.69
13502,176856.45
14811,128234.03
9297,339659.2
7749,529257.06
16555,141652.48
14576,178936.34
12766,159017.08
4679,139918.72
10033,196090.47
11231,270685.12
15112,144764.08
10617,188950.02
2175,172006.06
16502,397191.66
10106,186355.16
12561,147875.42
15907,318455.6
8069,123099.44
8316,124643.516
12343,253318.19
12092,150289.61
1527,174032.55
10010,216411.27
655,110834.89
10549,149010.42
3248,117353.836
13499,251155.94
14959,204432.31
6070,158388.3
11360,241595.3
12102,195850.36
11870,327589.53
3713,92303.766
3230,155682.45
7742,211601.61
15092,350860.5
8728,316466.72
3386,129924.07
9409,140700.45
16545,239110.4
3127,168163.0
11344,193396.33
2112,212256.11
7310,212385.08
6313,208021.16
3681,426982.6
5114,365566.38
270,155916.19
14350,190671.33
12223,364005.6
1066,167018.34
16116,385764.44
11410,502224.06
4088,177614.12
5956,160527.75
14669,157911.56
13871,135873.34
4126,236969.45
12114,222743.2
16607,164164.92
4266,224531.58
13518,209608.7
11856,277884.78
3885,247353.36
8891,153845.78
4964,177992.7
7696,167250.95
6894,107696.234
9766,169509.9
4800,150362.5
2840,180438.22
4743,180074.62
13562,539247.5
8301,200189.45
5405,183930.92
1535,170626.28
9073,126097.81
1698,322695.3
12262,238558.38
6794,171909.75
12701,193832.12
8432,171532.8
13540,122446.44
8629,152791.98
1440,183679.03
8596,202673.89
9575,281560.34
14976,91796.74
3149,219839.78
5157,156641.34
10748,186784.31
9719,372603.62
6376,191508.42
9733,185706.58
4749,205315.7
4994,421401.25
538,218823.53
5512,126822.8
9778,133223.0
9761,138861.53
3174,420846.25
13429,185951.06
10467,72187.4
14129,185916.64
13608,192278.6
11106,141284.83
12048,181318.81
1054,351920.2
3582,286850.88
1566,153095.0
11529,125229.26
11859,130159.36
10582,146936.86
14907,510857.62
14039,171714.3
10489,120107.34
3331,304720.7
10153,241292.67
5271,156581.66
11871,364561.16
776,131140.42
3994,113106.45
9433,73152.41
14275,145237.58
8030,246153.55
8169,283581.4
8053,180463.66
4822,248012.38
13197,215400.53
13634,205269.48
8951,155416.23
12176,214457.27
15471,140909.22
14962,154341.28
12512,114956.33
8697,524600.7
7095,216030.27
13639,212098.4
16660,180115.5
5848,140213.88
5386,194401.31
10880,297851.25
3954,179595.47
13426,266450.88
5966,226547.52
16315,246386.48
7455,184146.47
11071,190666.55
14740,219563.0
16087,193129.6
8931,206552.9
15289,171122.66
16089,292047.44
12128,193351.27
4724,223694.88
8585,206603.16
7188,214997.5
5423,170767.95
10488,193367.53
5980,223054.9
8376,214823.08
12397,143303.47
16496,187630.77
4891,241481.06
9710,149690.17
6339,180410.39
244,224036.45
5002,251955.44
5358,170679.05
7636,159506.48
9361,260671.4
3601,115534.17
15755,178984.23
172,184351.64
3037,318420.8
577,277297.56
3607,183770.92
2515,114941.305
10413,153242.5
10511,244747.36
4637,365818.5
12736,269381.7
9534,240346.75
11641,155171.89
10419,276778.0
15313,236837.36
14915,196774.61
12409,405200.3
9405,122932.88
14066,184806.23
14108,195718.78
11931,225887.89
11464,272936.5
926,144757.95
11190,223754.89
10260,184694.2
12712,193091.44
1234,196524.7
11608,103073.54
3776,254154.17
4881,200189.45
10266,190843.92
3262,211679.94
3576,433156.1
16604,466252.2
8041,243043.06
10691,230332.55
8357,180532.75
11661,142167.06
4453,238945.17
15936,216894.12
8463,294937.56
15770,255326.47
466,165566.94
14965,85008.89
11227,170306.34
9894,286279.75
11746,198726.55
4118,138842.83
756,334320.47
15589,160952.66
109,371968.56
5778,207204.08
1731,81780.984
3450,158243.6
2961,192144.9
222,182198.98
11454,317788.53
7339,189854.11
12096,100604.12
14074,199894.1
4058,442252.3
6603,255833.98
3289,106175.71
16681,267759.56
8200,296810.12
3343,340489.53
7802,170581.03
2082,379549.47
217,252392.25
1720,179851.58
7224,254836.9
6176,162213.78
12571,268956.12
16666,372010.1
8908,187447.3
6914,169148.89
5428,190518.2
381,172079.7
3991,204631.45
16365,276571.94
1046,203314.42
391,149191.84
9212,344875.7
3022,187698.03
9961,108511.98
6764,330714.84
7720,181118.75
4809,220000.6
8877,294170.62
7817,173582.12
10614,109788.625
5553,280135.5
16488,130085.6
11002,176020.92
13592,396986.1
15050,207716.94
13553,287882.44
9041,205471.88
5461,375247.72
16274,401240.47
2138,127648.95
6245,163671.89
8245,181609.33
6491,218246.36
13218,194331.89
13101,104552.74
10462,143695.45
4079,184093.98
1506,468206.8
14107,124493.266
12215,284416.9
11576,372457.53
10567,186363.28
12713,212872.56
1468,537669.9
2549,276438.38
4172,211411.1
12380,248172.77
3513,111051.5
8165,265471.8
1127,205646.88
14601,418694.34
15526,312938.53
986,255654.97
14968,205482.23
9348,155418.03
6317,264672.72
7497,92652.516
5079,329194.34
528,163160.67
10964,122693.625
5812,331052.44
11022,163942.56
16251,114086.91
5863,114172.49
8664,222859.72
5396,203907.44
6917,239996.53
12776,127219.39
473,237902.11
13333,212273.9
13023,136239.94
7357,200210.58
10955,456873.97
11914,427701.94
12535,180727.31
11205,165394.3
13209,192741.38
16119,319475.9
2174,232335.2
4834,222986.53
10151,182583.1
5584,207566.08
6672,226626.95
12858,269891.47
5106,160937.81
8884,172227.42
13766,181803.31
12556,118535.79
12910,210269.62
6258,127101.3
7100,235573.75
1793,192326.22
3335,179142.12
12835,191177.19
10591,149002.33
15707,271989.16
16389,172019.97
7440,333991.3
6293,180583.53
3937,194239.77
16527,185683.12
5102,231425.05
10734,379701.25
7986,152228.56
6495,91853.12
9571,245900.36
5131,198252.58
10761,427486.28
143,426692.62
13829,177440.38
13662,217329.58
1771,141854.8
5448,200404.73
8594,155965.11
12038,257958.27
16471,176774.83
16764,140901.6
1282,171820.77
15101,263386.7
9473,139574.84
2324,350961.8
14448,212548.47
6000,73190.336
2077,152211.94
12960,192038.28
15837,205185.5
8805,236267.48
9987,225993.88
1580,216200.64
11089,124626.086
10926,225174.08
12773,426960.25
6490,315573.38
10858,122958.11
2831,120010.586
16326,149619.42
371,213420.17
8852,179099.88
6713,263177.53
4230,164738.42
3639,218779.58
3642,195938.16
5149,187443.64
2861,206413.94
13300,98635.62
2807,380368.03
5919,106135.45
12716,546955.7
4271,226299.9
16055,262356.16
3747,249966.22
5857,241380.83
6884,348404.22
16027,279388.97
3512,352262.2
5181,164653.16
16732,276321.06
1908,186008.61
12082,190173.9
7286,135889.67
8216,144146.98
6929,322429.38
3950,401347.16
12479,183761.3
877,131156.53
1366,186257.22
384,135135.17
5767,211587.95
6910,149991.23
187,194278.98
10164,275649.94
8603,256157.44
15834,204667.03
3078,130294.54
3479,242813.08
6671,233859.55
6078,160308.02
16271,143247.88
16191,159500.84
11544,174530.02
7781,156992.42
14918,314920.0
6238,213306.6
12989,192453.64
11907,238020.4
9696,160033.97
14084,324673.28
3895,144035.34
4367,194513.86
8453,66289.95
7638,357263.47
8373,243909.33
4674,197591.17
15787,151401.47
5903,279007.47
13679,209513.4
9018,233552.48
15823,242762.5
13289,144947.75
9896,192970.95
14436,188285.88
5547,251196.83
4048,455000.3
16579,198662.19
8550,195346.45
9385,277033.16
5242,163959.98
31,250179.8
6144,251075.69
3990,197540.16
2523,85054.6
12608,262215.9
7234,177133.98
15264,193226.92
9623,199725.19
3161,322617.22
7425,100979.55
13021,263331.34
4044,141927.83
15411,245497.12
979,286704.3
5514,245497.12
4817,156219.27
2115,180850.34
10571,271031.8
8992,193326.3
15546,146308.14
11359,120611.516
11972,177255.55
12838,170294.56
5948,125768.43
422,307207.22
4855,153274.3
16197,122471.21
8926,363146.47
5703,189526.66
8848,221675.52
7039,277421.44
3806,155679.69
15154,167705.52
13132,185679.84
7438,202688.5
4398,188124.47
2440,180307.8
3751,155010.94
1476,161975.73
2264,311605.25
16444,173238.56
10704,141149.3
4033,151992.0
4508,108784.15
16290,236826.8
10387,208201.3
5457,149074.05
4910,307418.25
7451,204126.52
10732,144583.2
8015,158034.92
6148,176685.0
5892,246929.2
7825,217941.19
6851,235698.48
6633,219739.92
2139,252215.42
10213,240706.45
2830,217414.61
13907,141982.08
15897,326655.5
8311,190675.78
14230,179246.44
3878,180009.12
13732,177109.28
12110,167175.89
10675,370558.62
12946,107438.98
16754,233253.36
4394,206882.44
16728,181983.2
14378,311396.28
9949,166239.06
994,183008.94
13258,143254.77
5883,360698.6
6933,307537.38
13193,226490.78
13286,168184.77
13407,389743.9
7512,95025.04
7221,191581.38
14428,122909.055
1740,193383.38
3,159770.42
12952,231261.64
11537,140319.94
2558,143305.45
14081,287970.3
3517,244182.55
7149,226470.88
15777,122215.766
8995,249455.6
826,255239.69
509,290521.6
14875,298281.06
6591,164340.55
11283,111992.34
9897,257485.92
14902,187416.19
14291,169529.83
3162,224569.8
4206,189800.64
11580,205107.78
2007,234039.17
14939,341958.9
13572,234559.84
10720,157995.67
4253,285650.94
10857,107138.43
6254,177945.2
14681,242320.16
8080,125058.266
8006,169378.28
13135,157859.92
4527,266458.06
12688,218517.17
15920,126323.445
16786,119536.39
16637,165020.38
949,162629.0
10696,294978.66
605,222446.27
10819,220423.38
9490,183899.7
1813,212633.52
15958,328591.22
10873,393529.06
14381,183066.05
5745,131531.25
286,270292.2
14799,301607.03
437,182473.08
12172,83880.2
8534,158323.94
14463,420942.12
13672,182947.78
6720,214535.3
16057,206370.45
2659,502266.53
11649,151357.34
4478,126139.31
555,329532.4
4819,274824.22
15188,379051.0
16115,177911.44
11427,116881.66
15483,169795.75
829,165444.62
13576,276079.03
13810,222882.56
1052,143696.25
10673,174006.34
8525,374024.4
13154,294466.88
13856,161325.25
5125,222252.66
5551,227994.3
14262,230485.53
8872,143035.95
10341,265983.16
7231,154335.38
10950,222239.61
4031,154057.34
13852,118578.8
5886,249050.33
859,328058.47
9436,185144.83
13638,315190.4
15337,201232.5
5506,254522.27
13550,101986.17
12630,155043.47
6466,135157.38
3282,156857.03
4474,152896.39
138,217542.75
15490,179253.9
11584,232850.08
13309,146706.61
8860,379407.1
14037,195669.45
1329,227361.06
2198,631886.6
1210,365587.44
10076,193603.61
6692,326406.7
6074,112311.47
13921,200666.14
1646,316265.03
11676,199102.0
683,108674.06
4839,125973.125
12392,146077.14
5206,204319.11
9104,331875.38
15554,176528.73
1590,205279.97
7894,302262.22
9286,151970.38
15364,333289.53
8260,303497.2
5746,127805.38
3357,401183.4
4755,180577.45
5896,117631.375
16520,217824.31
8880,230590.86
9321,230440.34
16463,158730.31
4861,167007.72
5687,219896.88
2785,307017.22
5571,253555.64
11070,418583.34
11577,239142.03
3993,147307.9
10908,234540.19
3696,192246.05
1755,126844.04
4053,200581.11
11954,273002.62
15294,182068.14
12452,202881.0
2202,145994.33
13564,258049.25
5134,244497.61
7447,127548.77
5929,140401.55
16714,191207.05
13005,309390.97
11740,234810.67
3535,164378.1
11837,238703.53
7382,201329.45
16709,211797.39
5908,212157.06
16333,232746.31
14776,235168.38
831,188991.11
5944,173999.89
1764,289210.56
5782,132531.4
7091,279094.0
7871,186525.33
10449,168191.55
15137,114420.266
2181,328568.94
8667,335950.38
4207,231261.36
3528,181192.4
5611,133093.81
5894,227788.03
14255,152747.69
16064,126036.14
5076,209464.7
3537,69603.5
6369,111552.78
1938,218931.61
11844,241880.19
7717,88678.04
3800,422881.56
6897,208222.02
255,307530.56
607,220742.06
6368,249796.83
15211,258442.12
13229,167429.19
6091,228925.56
14260,177054.83
15104,142011.47
7378,88742.41
12575,168336.95
137,168439.11
14572,219400.6
12530,165293.45
512,204193.69
7251,296763.97
4545,385870.72
14928,464494.22
3934,171235.28
12097,371669.44
10979,174187.28
16455,262895.16
4190,138159.08
7577,320102.12
11609,298964.8
2346,163723.25
7363,276515.84
13535,170231.6
9864,179155.4
16645,448204.34
2689,372730.2
5994,111479.43
14493,241065.8
7391,194383.52
13674,217846.66
7137,268343.94
5438,182117.6
10693,214974.56
9037,360288.12
14329,234372.12
11660,329093.22
9734,163130.55
12046,201689.86
11704,256368.7
7843,161991.9
3499,151859.64
16012,83275.0
15759,382788.88
10884,157149.67
9115,83649.06
4066,271476.97
12745,188213.86
9627,253156.94
12977,227072.67
7620,89262.72
11955,162329.52
271,234469.78
16091,288361.0
2193,426875.88
6190,157567.38
7071,199099.48
14320,98667.445
15578,152975.55
267,150157.78
1930,169439.02
7426,164501.11
13890,194756.28
4176,169656.11
5453,181376.22
5526,269970.66
8780,252622.45
10299,186538.47
959,383977.88
3458,104646.86
5363,397944.53
9281,149226.7
8076,193229.66
2492,303001.9
4746,142433.94
11380,215167.52
10881,196927.66
16392,200870.16
8071,164105.7
16740,126771.914
4846,262997.3
5299,283230.3
2046,240579.77
11623,224545.84
6539,138392.72
12234,248014.1
14240,170312.19
3443,144402.27
2127,207788.78
11259,137238.52
7889,127077.47
16655,232008.11
15790,139619.6
3686,131601.1
4392,155541.6
3103,244590.64
7047,191242.39
13014,354347.34
11269,451620.44
4304,380197.28
13513,187628.14
12969,87248.48
6966,210184.98
8883,119231.52
6064,208084.56
12341,207205.03
10107,305058.72
130,206040.05
2406,372014.06
6089,170089.4
316,109186.55
15812,267096.75
7053,384896.78
14691,284398.47
11881,153420.19
13503,186936.77
9569,220986.69
9846,350038.6
14415,175789.0
14873,207765.97
11180,334206.44
7256,193348.27
3721,206835.06
1211,208749.97
14887,218795.66
16220,454541.44
15451,189470.9
1602,243138.16
8917,298718.72
15595,108294.195
15242,185767.69
3957,238898.7
14923,82791.85
3087,163460.78
12959,478864.53
13631,161730.89
12704,299276.56
15197,157489.16
12599,214322.42
8761,190816.2
13013,163681.12
3464,204499.34
2366,156774.9
10845,172707.19
8092,185102.27
10528,223106.34
7132,162819.64
8958,183309.8
7959,119835.2
4847,224058.73
1477,466510.78
8264,352803.12
10048,127814.57
10492,282678.62
3859,409594.62
8676,389124.8
8146,260813.28
1619,279433.34
12609,100898.41
11001,218083.25
3644,222594.48
8362,311042.72
537,149886.14
1298,116213.74
1023,245508.67
8659,221381.75
11538,207050.31
16036,168850.44
2392,310885.16
12099,377560.94
12935,149386.11
1050,156231.94
3068,248677.97
2083,163009.2
7652,316524.72
8696,261253.42
11183,409247.62
11386,156179.97
10752,229387.6
3371,251114.31
4149,175754.9
16775,157869.47
12187,163579.55
14421,216990.72
13693,220067.83
6560,225836.23
3497,200378.9
3396,147558.77
1223,167509.05
14796,168602.17
16190,294136.16
6060,276487.06
10111,193430.42
10983,173301.66
11228,217534.47
13208,265097.38
525,456428.3
6923,166428.38
6785,218512.14
3731,229625.44
16577,225419.23
6518,207793.28
6610,171659.08
5509,113746.46
9942,322763.94
10148,230494.5
5351,146673.3
11029,157138.27
6561,146156.7
10056,140868.48
13913,172643.88
1906,164903.73
5081,172989.06
6341,339995.3
1859,180170.75
3336,219925.56
14163,145038.12
6204,392253.44
13285,226140.53
11492,223081.19
14596,108551.66
4696,419721.66
4771,265247.72
11296,140500.44
5851,170045.9
2850,195786.53
10011,155941.33
5988,172543.75
2316,77057.35
3211,163906.11
13525,166961.6
6383,127846.77
1420,431044.44
11748,264867.5
4222,231647.27
8363,189115.3
4412,253481.94
14384,154965.94
9844,163658.45
9315,230435.0
11604,234863.2
10644,199400.34
12995,173366.36
16615,367364.12
1959,226945.6
14562,193108.55
11934,207026.95
8494,177620.84
4255,200026.67
13000,181831.31
2461,363187.0
13661,196718.95
2886,231594.36
519,193117.34
5440,171629.22
10353,152756.39
12305,201250.31
2983,223624.3
12032,204449.73
743,296740.44
8250,100809.555
7890,165635.7
4722,375773.84
15358,145168.5
4183,202792.62
3970,337591.78
303,183570.9
2207,253375.62
4022,142786.14
1132,181385.38
12278,169488.83
9280,143808.16
14940,516448.47
6413,215156.03
15213,416715.03
9656,218085.08
12036,285360.1
3151,177084.4
15530,178713.81
13263,132297.9
6750,158883.61
11488,366108.8
9532,188716.03
8462,187956.39
11494,468431.53
10270,113414.43
5476,101382.055
12486,367171.78
5501,113300.28
15871,276630.5
14733,200167.88
6103,200478.23
7911,159395.05
4359,311253.4
9595,181755.08
13851,193774.11
7854,198589.14
8684,180721.11
15239,261526.08
10012,212868.14
14995,326440.28
9791,160860.17
5567,216799.48
10883,180788.66
25,167224.67
939,161069.78
9919,185177.9
6321,246924.48
16767,340380.47
16464,120274.89
3170,169942.67
1522,104265.2
5138,296666.9
797,140679.23
14586,87857.08
2872,204973.61
4259,219938.14
16616,292995.03
16512,169410.64
9663,203693.44
245,209547.06
16369,216103.16
5254,408980.97
8672,138066.08
8004,279651.4
3109,220454.33
2588,327675.03
8814,329075.84
15888,139447.73
14668,110554.41
13432,494563.12
7981,73262.39
2048,206801.3
1667,150821.36
2349,107501.01
6136,191467.45
8166,191209.19
1709,357881.0
14649,154539.66
9187,238349.52
2927,182790.77
10220,135324.86
6331,449459.22
7044,174976.33
1736,146624.6
1840,109975.54
4852,215973.73
13311,138182.02
3330,183277.5
7004,325501.25
12472,151287.34
7664,177719.06
16537,198439.4
15032,426720.56
5325,258837.53
800,229653.88
1438,161141.14
3953,147831.19
7135,294673.78
10371,94878.27
709,133966.1
4836,231844.72
14709,250219.0
2216,304538.75
11948,239807.34
5221,218417.28
159,341765.1
15775,165432.9
4818,200546.67
10222,231614.77
9867,209464.7
11763,350280.78
511,169085.23
9337,169810.03
15529,288840.47
9134,189474.61
2759,121480.07
1458,187236.23
13261,206411.72
11772,148917.55
8107,260276.1
13847,228619.61
14414,507920.53
12833,78177.805
5282,283777.8
13760,213739.64
430,182307.53
12580,180965.38
10985,447723.22
14321,138397.52
15960,404705.97
4803,224967.16
6741,138371.23
4046,180718.11
5060,270522.84
9593,288510.06
8088,244916.25
13888,178728.17
12065,187772.5
13336,165114.62
2449,202005.56
7499,269034.0
11082,142273.86
211,136574.72
11469,157112.84
5452,146621.86
7732,186806.98
10080,182412.8
15088,178727.97
6112,208201.3
7903,229073.14
2249,193414.23
79,148053.17
13941,140025.55
6693,207029.45
1156,328188.9
3877,160518.8
2864,172688.1
4519,138107.64
4712,143758.94
4642,161975.4
4766,228642.72
2429,287787.34
12013,232609.44
12309,281946.47
5505,127548.77
13711,177717.52
10483,358440.22
1648,217017.23
9391,186693.36
699,204242.64
7034,379464.88
10415,337765.94
839,201454.53
7602,207727.98
15682,243340.19
16354,354498.28
13686,188009.45
5026,202742.62
3081,329657.16
5009,176865.58
4173,372802.94
3228,165440.56
15482,300378.47
5700,215418.52
6252,183265.84
8207,83495.85
2984,143035.95
3507,421263.4
15950,90723.03
13377,296890.88
15594,171045.73
11798,219785.4
13493,165014.0
4976,174517.9
3771,200812.94
1107,150150.5
16171,370703.7
15257,202806.19
6221,189947.92
4936,195276.08
6343,174661.5
16109,235549.84
15352,215365.2
9489,201438.08
14029,206856.03
4879,327612.8
6828,137673.0
11950,89310.664
14964,155537.23
9074,165874.61
10514,229089.95
10702,165826.44
3476,183077.31
15469,307393.22
5608,179579.58
13446,487997.1
1683,217258.84
6759,119991.94
186,239746.9
7822,71694.36
7017,307295.38
1944,186893.97
10515,237991.86
2824,261546.39
3649,154075.83
8228,213647.86
6599,383850.34
9165,178463.53
12316,302509.75
11720,191303.4
13943,168738.86
15315,136057.9
14812,318309.4
4799,315981.97
2600,271534.97
5724,106834.36
3033,294615.47
2985,163975.17
8885,144022.83
12691,219967.69
15079,166830.06
14599,150198.69
7681,240703.06
5849,165628.14
675,205682.45
4343,155112.53
3122,187888.31
16602,175332.83
2211,188580.03
12965,135213.52
11016,78004.65
15756,162360.03
16151,157529.5
10746,126714.87
14130,160937.52
2231,171803.16
12325,222542.44
8949,297910.47
2859,131867.31
6797,263997.72
5793,296330.66
1000,242498.45
7364,140586.4
13802,244859.19
12755,315717.6
10782,173466.81
13169,80427.37
9007,341105.88
2118,194399.86
14517,204674.08
3001,152761.39
11913,151600.66
4030,237512.8
5323,173967.56
3572,139415.36
10290,182969.1
15321,331900.34
12795,192611.47
8845,283562.75
14559,225175.64
1435,282348.5
6180,182666.88
10590,191983.31
3889,158568.95
13160,195388.67
15254,205549.31
2436,150233.66
1770,251228.39
912,411009.84
12385,146530.75
2188,167229.16
13444,325087.53
11487,248484.84
14836,423166.78
4923,105371.77
15779,131121.36
8900,184409.31
10932,177552.77
6085,224210.12
6762,127363.55
1005,336980.16
16552,177875.42
13248,288398.25
6580,183280.1
10706,244403.6
8539,168850.44
10743,416615.3
9243,115149.95
10609,155376.56
9638,160749.1
5399,260690.27
1222,305442.06
4124,246030.11
2131,205203.23
12869,305303.94
7899,143585.38
3251,456964.75
11088,181032.89
14653,227864.69
3010,252095.8
12160,217632.86
6288,243292.8
14890,204593.94
13437,180765.55
2385,214844.42
16650,147627.06
10159,180698.0
7940,249615.8
12953,310405.9
9803,331581.78
14247,215585.39
5251,128303.35
14337,244777.66
9967,166629.11
4618,133382.69
15378,499195.1
8963,181458.6
2472,212611.0
8736,108982.914
14823,124497.65
8675,168762.39
13596,145353.28
16487,110840.77
12629,198667.66
11965,191979.52
4136,389492.28
13012,164401.17
5309,190378.02
517,339452.28
9553,153331.33
10120,132419.02
5991,203307.92
9862,166985.44
9420,166504.9
4968,247202.08
11904,298159.34
15824,174041.55
9365,144773.72
14879,181347.31
8205,234681.61
15184,129989.88
1918,244478.62
16013,246456.52
9802,191628.98
13752,259434.28
16156,178653.34
5194,97644.664
2746,440611.7
15982,226342.25
5605,196067.67
8288,210858.1
5707,324873.94
7933,171253.3
8324,226242.47
2506,162544.02
12293,139881.39
10551,167441.86
5346,475228.56
4197,264136.56
3237,145171.98
3390,373671.7
9751,170555.02
1391,237441.77
1928,217468.5
10992,308873.25
6792,375548.12
5663,199559.25
13280,214144.52
5218,72827.61
16748,261835.52
15835,215019.55
14850,200266.36
1359,189500.33
7428,205476.92
4201,108926.016
13089,71764.05
7182,170592.1
1467,438590.75
9829,201325.16
4344,201603.4
4129,154429.98
1905,187688.31
93,247559.98
8320,198560.19
12070,181640.77
8290,211933.31
11005,250389.44
116,245589.4
12275,349076.3
12588,533193.7
11378,163888.33
10961,214863.98
10251,229327.62
1152,232209.62
12167,173366.36
11569,215780.42
4141,384318.53
7614,116575.414
13805,78458.1
14680,160430.4
13543,355892.16
6786,197110.22
13529,196764.95
9158,101677.81
5360,196093.33
6098,238360.25
11174,227024.06
307,171168.69
1892,167366.2
6948,293101.84
2227,144082.97
12790,238825.08
3653,169807.27
2912,218858.12
16735,100949.53
5446,174014.3
8532,222809.48
10311,363009.84
10051,192558.0
918,161906.12
2766,166553.05
734,200530.98
6882,401897.94
15971,161829.69
1735,289119.06
442,200538.66
7228,237229.95
507,203076.17
8461,213326.45
4514,277050.25
4133,98326.0
14803,182691.03
14297,259413.31
9924,211930.94
13797,327974.03
8497,256662.95
8729,139702.1
16046,151206.58
15087,190951.5
2874,183724.77
7415,221228.11
13893,165003.28
12611,128972.4
7779,247623.66
8221,193112.53
7790,147866.8
12728,421267.8
3372,174830.84
12845,184882.06
13107,286086.94
2475,230446.23
5820,156590.88
14505,99662.73
382,173209.9
1339,147949.45
4940,218614.56
1481,70278.766
9025,217446.45
14636,166456.1
10668,88654.18
2025,220202.14
2910,169728.22
5836,196824.1
3444,127928.375
11165,230121.0
16000,173796.62
5281,423743.75
15350,299538.34
7321,232253.61
2863,243202.28
3563,177550.84
5094,251812.86
1027,214046.05
7953,283756.88
1788,218456.39
11061,160043.58
1839,326471.06
7766,194055.44
2250,217768.19
14701,146559.66
13149,281596.97
14040,192785.88
13370,230606.38
9312,499730.44
10493,147839.28
11985,221272.78
2698,210463.61
4659,176403.11
3002,150823.52
4795,213605.03
3986,128501.6
1753,425313.38
6681,198797.4
14801,186800.4
14252,304434.66
5017,143996.05
12267,260850.7
10681,192555.9
10800,172201.42
13910,162119.33
355,219131.47
12255,181681.89
10435,211652.47
13840,352006.72
7656,415970.6
1659,193429.9
2333,166058.38
4580,324287.9
12699,64843.867
9974,151143.36
14083,338003.0
15347,451049.44
1473,341831.53
4984,224394.67
9203,190368.83
5806,162418.5
5590,175825.16
4509,250063.92
763,209384.56
3067,380296.38
1143,328425.62
15403,208230.34
10793,248234.5
4849,69844.99
10717,180354.7
5430,185860.45
5874,380543.16
11286,205132.6
4407,135292.56
11998,212966.17
1131,244337.56
11920,230513.53
12404,334797.03
6552,186561.14
8459,178785.06
4704,226267.45
13883,186736.02
13830,192294.81
13273,182862.5
11323,141056.53
13257,121340.234
15846,157700.2
9132,284797.97
2909,74413.59
15927,182439.56
16500,264729.12
15974,177922.5
1278,183821.97
2893,208478.88
16128,186301.92
12794,224005.34
1341,380137.38
9219,262340.12
2982,184638.94
3113,162480.03
14358,180028.55
295,163469.36
732,240294.27
14926,169209.19
9155,347970.25
2045,180270.67
3879,284401.47
5361,367976.75
9750,385856.7
1711,209770.97
13269,128126.61
7020,183587.38
832,174373.8
4009,193794.6
5184,274635.4
13844,175041.77
12471,270810.22
1294,215560.75
6058,241595.72
15614,131003.76
7214,252738.33
9841,217106.12
4639,207555.5
5018,161888.44
1139,202402.31
2896,118709.29
7987,181046.4
13272,245945.95
13454,190065.6
14287,153976.64
414,357940.62
1524,117743.99
5818,125512.2
973,173551.86
2888,262435.5
6269,425160.12
7343,165281.4
14834,175382.92
10672,292791.12
2595,190897.22
12843,169101.36
8973,103031.9
13539,395974.1
12351,118559.53
12322,178720.45
13659,473930.4
14758,140176.34
14157,204193.69
9874,109037.875
11513,140492.97
5034,179559.16
6779,246750.6
8009,293271.22
891,300585.8
6663,178908.81
11506,245203.72
4740,276566.4
9254,305325.0
2609,196661.97
13601,126355.77
3862,202635.28
16490,214831.92
8819,197646.47
6836,171754.8
16232,184712.27
15988,142777.14
6009,224862.22
15339,197710.72
2953,126746.58
8340,166826.42
8723,195925.4
6760,212921.8
7960,120314.24
13358,361932.7
2009,72832.26
9977,165274.0
12445,333779.75
11130,258312.98
9205,452616.28
9078,231500.17
8317,164888.16
13108,287803.75
15196,208025.48
12406,135982.86
5946,131352.73
5538,194642.36
16264,231240.9
3752,220791.6
13995,185053.9
181,218537.4
13304,197375.14
4262,218375.16
11552,225166.0
817,407916.6
1198,220849.03
16535,68401.93
450,182822.3
13207,184851.27
1551,200540.84
250,202272.88
11528,169160.94
16350,154926.61
4573,148485.52
7990,326914.38
2372,195718.33
193,219421.23
8713,217607.4
7617,323789.8
1215,135926.95
3107,211874.39
8756,108166.836
15942,139004.08
7540,257266.08
14629,155813.9
8109,187089.38
10816,325500.6
10205,346621.97
4462,186217.44
9908,177177.4
11376,196739.55
16108,224798.34
13832,145062.16
3744,202157.05
15265,145242.72
5422,392674.12
2941,195608.38
15866,166340.23
15172,326546.3
15904,231329.66
5679,233870.19
5825,285455.6
3958,362792.38
8591,293340.78
1475,303031.9
2397,240032.39
12419,233611.72
7533,94255.39
10339,247359.19
8760,165957.52
13040,108198.54
5620,142649.25
4840,168880.81
10464,175313.88
7543,180894.08
1320,94551.89
2272,120511.37
6550,121959.93
4518,288799.4
2340,250216.9
1484,180029.06
1233,184453.08
12897,286907.66
15344,189525.42
7061,201640.42
13807,208739.75
487,158358.56
12297,170972.39
13452,193292.25
5624,193390.58
4483,119165.18
265,154542.25
503,173234.69
8919,267532.28
3102,137484.3
5190,398111.4
7699,182970.48
15080,234951.17
2439,263090.4
4387,220442.16
7427,147577.84
16056,192384.08
14546,335223.28
12353,186777.77
6991,380534.38
18,222719.0
459,277541.97
433,242213.48
12001,315300.84
4428,122966.83
2650,151521.03
5652,134995.38
9455,419254.9
469,270365.38
14997,187273.42
624,169675.08
798,320452.6
12317,166994.4
9011,364503.56
2923,230871.62
7130,161908.77
1616,127537.21
134,244361.2
7463,332565.5
15732,389292.88
3275,268805.3
6621,205415.12
10570,180594.7
6105,164170.08
6858,198567.75
1929,269913.72
14583,127219.39
354,220045.39
6378,165777.72
13192,68084.96
3602,365247.3
9148,275523.25
5459,236788.03
12800,240832.83
11077,209485.22
7301,419805.2
10775,321945.8
15009,163113.08
8770,301999.16
9996,359007.72
6810,171829.88
11364,210140.06
7252,140280.62
5910,225101.94
13187,205824.4
14678,199877.8
426,178606.52
4099,211938.83
13496,183680.38
8005,183413.06
9467,269052.3
6732,163111.64
11617,162858.34
5439,206663.5
14195,153311.58
10131,240983.47
12788,152879.48
13988,395867.78
12153,261171.55
6270,266417.5
10988,159316.5
8,335938.3
146,271611.8
3764,325021.97
5118,310159.2
11023,140795.95
2951,166801.7
10101,170734.97
4729,226110.55
8148,207464.27
15305,427764.9
8325,169740.19
1935,470533.47
2839,147925.95
1845,156674.94
2842,181662.06
14019,221254.1
11188,259833.45
15199,138963.86
12563,155319.31
5231,281098.8
7555,181962.17
10436,201155.12
14610,374579.6
5912,230146.11
12443,224958.64
15918,94765.81
11051,339432.3
2714,265916.66
10766,287706.78
15508,155904.31
12118,314082.5
9160,167912.48
12019,160496.95
12062,233165.7
9176,296230.75
6135,302799.94
6563,147003.98
5962,130781.586
5783,332636.38
2580,200429.89
802,258837.72
956,175428.95
8690,206038.02
1228,198262.67
15046,250569.28
5603,261493.69
5199,145346.47
3842,180420.84
7671,411850.1
5214,102619.36
4381,403715.78
4620,199901.0
6289,312446.0
2692,358564.75
9671,401790.25
10115,177056.27
3164,289083.53
10277,198193.31
2836,162321.53
10486,127380.5
13313,275367.6
928,212553.31
12266,291044.38
16085,185350.33
2260,174862.95
751,427328.22
5943,322326.03
10141,138395.45
337,177482.4
12212,193279.36
1910,203638.81
13403,367489.75
3061,196929.55
2733,128133.7
14115,173248.77
2446,232189.0
2183,217123.3
1926,257174.64
6044,252363.94
6783,183707.81
11437,166306.83
10625,230377.08
11817,223918.72
10545,264334.28
3133,175078.28
2690,155654.72
12705,197187.61
4707,196687.8
8509,430509.72
8065,154357.38
14342,183884.17
7809,82274.51
9403,158791.6
1874,152965.28
14313,148855.23
16466,176411.52
10740,171533.03
336,248876.28
14024,153936.55
11170,314795.8
4606,256837.25
12470,259093.66
11636,226975.34
11761,228793.22
4609,167185.61
2330,275976.88
14557,314242.1
1409,192447.1
11189,136134.5
9899,143211.86
5032,149003.92
13387,241311.95
7565,170033.66
3409,174124.95
2898,197117.8
6632,192199.31
2029,207001.45
13254,110551.02
1663,175186.34
16706,492265.2
1723,122944.766
10023,195817.47
11903,159911.08
12450,200918.34
15580,109694.06
11011,126953.01
16756,131104.78
13366,359731.53
10440,156523.8
13961,130780.7
3015,194096.95
5648,220765.88
11547,270324.53
12886,127101.3
9198,129136.86
12434,249765.83
10605,262645.1
11593,130051.51
866,108912.625
14734,112261.3
5038,227260.34
5702,255443.45
4937,362055.12
11820,181101.28
106,190586.27
7736,213942.53
591,156674.52
11462,189023.61
15858,322998.47
15205,287370.7
7607,221019.89
3457,155868.94
9129,167812.31
4161,179437.6
13565,148362.1
13575,138748.2
7522,270224.62
1419,230059.48
13109,240966.0
11539,212775.72
15627,129310.15
16080,235542.55
8818,147721.58
15655,356543.6
1649,68401.93
7741,190328.78
15168,203322.56
12810,430410.28
16689,173337.98
9976,180847.08
907,199882.94
13986,338231.22
2710,267185.47
12889,186339.64
3214,146055.06
10022,379104.7
15217,167283.19
15719,172461.92
4515,150404.64
16716,131855.6
14523,212466.84
9989,395365.9
13618,80818.68
1158,188838.27
15397,386127.34
11680,172099.47
11329,240489.64
7431,273929.25
4539,159359.58
8543,150599.16
13784,282263.84
1073,305793.44
5334,174283.47
14316,178196.6
8350,174109.19
2838,140074.7
15543,172150.86
11933,257168.06
2932,245720.11
5859,158174.06
8102,169034.88
14265,151955.83
11906,193741.27
11418,206682.17
15990,219216.42
14498,215660.52
2076,83880.2
14742,157481.7
14578,131116.1
16733,116940.664
10126,199641.14
8331,429406.53
12233,182807.9
2695,285829.62
11610,289717.4
6902,139612.0
4109,164370.62
13330,196423.22
3320,184144.05
9,127721.93
16231,139275.81
13771,155469.45
1778,189346.78
11730,181492.6
3543,191867.03
423,286883.94
6957,153788.64
12076,252611.72
4974,172891.17
5546,252643.84
4064,180249.64
7924,214291.92
6776,157085.34
7410,168507.75
8956,183814.42
4709,139214.23
11148,128968.55
14788,127745.41
12876,150990.67
1596,251500.17
16214,282791.2
8752,145768.66
12644,192918.44
4198,78000.445
15592,144916.77
10685,173405.45
14466,349019.28
16434,237168.11
14341,298024.7
12708,136779.48
13262,428317.5
11318,203652.12
2033,217783.36
15857,269201.78
16554,302411.34
10771,248606.66
15708,178513.73
11637,142433.94
2870,195861.08
7582,207284.97
9739,384298.97
9342,282362.5
6338,241585.8
13046,149405.81
12579,133444.22
6342,437027.06
7160,179663.28
1324,196118.28
12991,186152.58
13756,139706.25
6019,171170.8
10078,244230.19
2343,156225.34
16275,263962.62
5696,462364.5
1,259082.14
2248,223822.92
15628,130883.14
682,179446.8
14884,200589.9
11031,250910.73
4001,177935.86
8533,122846.21
15147,189604.95
12747,149161.2
13168,188947.19
12829,211476.52
2675,326167.28
882,148431.38
14577,216020.3
7264,158432.31
13799,220618.58
2219,316856.44
15208,422466.5
9178,177449.0
9876,278355.56
14506,163274.06
1695,128488.4
6661,88011.07
12200,207656.88
7963,219589.28
3209,182987.14
8164,290738.16
7584,286482.84
7873,253881.88
11212,291832.1
13736,181806.67
626,221646.36
6284,252371.47
13728,168285.92
7099,290295.47
1618,283262.22
7201,174171.58
5902,160018.84
15739,314415.78
9546,111296.57
9505,188788.55
7818,379125.03
15324,271880.72
7289,162544.02
4548,305462.9
13058,154316.36
13623,160112.88
2668,184084.14
2799,161511.17
3867,311617.47
8658,133964.03
9543,208855.98
987,423677.88
6209,157875.31
7939,169123.25
16478,367404.97
4258,167471.38
12738,244609.73
11027,136306.4
1741,166567.05
16198,212878.78
15975,283871.97
9224,148929.84
16792,171503.06
11729,185886.95
13121,229551.8
16528,170095.62
15677,363101.4
15433,258383.38
4,190827.83
12408,197761.52
8441,185040.8
1624,202207.12
16449,147160.39
6872,232163.14
12271,174896.36
13396,182304.0
15833,402396.75
1105,399189.03
4106,138351.12
3031,408166.88
4546,183925.69
8258,65996.445
9946,246615.11
8027,223959.92
6337,117404.59
10342,187570.81
1885,229092.98
619,263544.8
3531,147936.95
11357,198512.22
1380,206990.8
5691,184957.89
14780,400599.53
3930,265380.56
3148,463072.0
3830,116282.945
12670,111861.125
14274,365989.2
3438,242673.66
3242,134278.44
5470,252284.98
14237,199977.48
2431,251028.97
1425,151264.95
14227,356607.22
7009,221595.62
16024,202601.42
7330,213060.97
12378,276596.22
10378,284789.88
6926,269129.4
4027,204410.64
7435,192097.69
11299,194955.22
12112,215445.02
4723,222293.3
14224,211460.27
11300,230047.88
16124,205053.33
4988,164191.8
8019,239236.66
4036,143152.94
2075,167621.12
14593,147011.73
4499,238896.17
3685,367106.2
2168,242606.88
8263,193122.52
9242,175870.42
14855,300877.62
2800,377713.22
14715,321843.94
12729,234756.78
14683,277384.5
429,460152.5
723,188419.81
8170,243418.89
2770,137951.33
14395,174780.92
12326,208982.38
221,307475.6
9448,169380.66
1593,198093.12
8962,127334.72
11068,365385.03
7896,180046.95
758,143276.02
9252,198197.83
6077,154612.72
4186,320109.38
8220,187101.14
753,170691.86
13063,196237.36
5728,171741.8
10817,201270.98
7868,510775.16
8580,185954.14
11100,178664.86
1003,126097.34
4779,134650.05
7121,180565.55
3946,220167.05
4426,180044.67
11309,114556.14
11285,270282.75
8222,130214.74
1189,126972.64
16356,182756.34
446,192804.38
8530,223560.94
14289,199018.19
16009,219593.34
9692,167723.84
13489,274402.28
13010,177755.81
6083,103121.63
2707,149874.69
5898,234753.6
12994,187499.36
8796,149596.39
3009,123290.36
7033,254431.1
6615,133423.12
2235,153624.4
5565,185989.6
5869,95523.78
6384,158625.64
1001,161223.9
11540,250040.55
13967,178570.38
4097,134178.9
9993,234396.86
10166,254436.83
15928,368737.94
14584,130375.06
1962,353185.2
10363,156259.38
1097,76861.28
3430,179123.22
1672,205265.06
9195,107954.41
16193,166054.5
9076,275806.6
13030,179567.2
14459,150646.58
8470,168175.9
7810,298005.88
4342,139524.08
8551,158651.94
5555,437016.1
12190,269703.7
8875,153284.33
3179,248351.1
291,204677.08
4549,485716.25
11486,184883.9
9349,282169.78
5305,157782.17
3379,326926.97
12593,472799.56
13712,164578.33
12847,157985.47
3964,199872.11
13981,255290.33
2538,177051.27
14764,144810.97
6147,154363.8
16693,164865.8
9398,238443.1
13554,120225.77
11054,354671.9
9462,130212.05
1528,197091.44
7096,414001.62
8993,187190.86
3738,329709.28
15096,152370.7
97,337362.3
5701,302546.1
12401,222079.95
2113,361724.25
15724,312819.53
15692,162893.36
12791,273929.72
10747,220527.25
1730,130324.875
5010,213286.22
10173,181944.23
6771,160985.0
6524,196825.84
6995,356224.75
14303,205175.2
1274,76989.6
9095,156011.42
15435,83735.0
9363,195095.02
7913,429139.06
14286,180009.34
4759,192276.5
8674,181314.08
12459,226895.27
436,149797.7
13586,189009.33
3231,339364.44
8124,160192.89
1226,302233.6
6887,157153.62
8855,334144.28
1768,126355.77
1630,178515.02
13293,103702.8
5705,207144.72
9067,134963.67
2790,97795.52
15012,150402.83
2411,229292.4
12054,196084.28
15653,142009.5
278,200885.94
1828,137996.88
7031,127990.59
3906,143687.23
13027,93795.195
4505,273155.22
3927,195946.53
12396,166597.17
6394,305143.4
8922,223361.12
11446,194988.19
7546,322957.1
15150,162021.53
2988,281269.4
3077,98694.49
2111,183335.73
10235,156632.03
15784,256830.75
12113,200080.39
5645,194199.44
9326,285349.34
12895,431320.06
11733,304928.4
1201,140081.95
5253,286738.06
16547,195869.38
2378,201850.94
11477,134885.3
1984,191247.39
8806,399432.16
16722,214669.3
7893,221593.8
8821,218376.17
9816,205464.83
5133,220134.03
8377,289513.34
7319,151462.94
2326,207694.73
3492,259765.02
14868,209453.67
13464,187363.2
1137,134456.4
15733,195788.64
12108,240984.47
2564,186893.97
11080,244571.34
9084,180240.73
8744,207068.58
5915,168230.31
14622,177390.0
9818,354422.6
2376,260034.8
16788,169656.98
11363,202934.62
14256,141952.58
3701,183494.94
12627,100302.58
9235,140232.44
6012,200934.11
2189,332130.72
14736,199924.55
5252,79124.445
16708,177406.81
320,287484.16
6943,145300.6
10548,242993.8
11356,346944.75
5855,248790.95
10265,266042.34
3325,168338.0
10243,223894.44
5549,200493.03
1284,167333.47
14510,148740.7
12488,126662.84
12089,389464.44
11715,281106.75
312,103096.15
3700,204455.4
10028,425602.8
12374,320050.03
9624,363859.03
5232,505043.06
13763,208574.34
2774,210230.05
12312,138947.55
3288,274440.94
5404,224232.5
3555,219112.84
3070,235802.89
12879,169653.47
11402,159747.05
9345,152653.12
1045,231629.39
16544,161503.83
5409,191113.3
2787,280901.0
7055,211565.19
2853,260045.0
861,185681.84
5480,253684.8
15178,67801.07
13428,442854.56
7564,365836.6
5974,360541.22
16292,188427.28
11066,278881.97
5265,246781.52
1966,136882.19
1142,152515.05
1721,204432.31
16606,239376.06
7992,180981.12
3304,119113.484
15181,263463.4
14750,222288.39
16207,203459.72
14087,462274.16
3359,211103.98
5926,249269.89
12703,292526.72
15813,148361.84
11697,243862.95
12548,153668.73
13249,518034.4
15248,418935.78
15847,155810.38
3939,182242.58
11961,209114.14
1358,222211.36
4604,178469.27
4357,162665.67
5763,91793.29
11193,211600.62
14327,177029.17
10750,83588.41
306,188468.23
5043,173140.42
1343,143206.75
8981,128612.81
8809,204560.86
13563,390785.25
8617,217484.61
5398,173594.8
12061,193414.53
2246,192786.52
1976,401524.7
1729,185715.16
3980,231313.14
14213,191686.16
13944,185732.88
2321,216606.83
6624,116808.12
7751,186777.0
15418,176928.12
269,211322.89
9075,154260.28
9636,284437.06
13367,448159.06
8808,174944.4
3260,175681.6
13959,124405.76
13741,232197.64
8198,151464.42
5957,176395.2
14778,345830.6
1202,178031.77
2547,183926.45
12749,176299.66
9547,144607.4
12617,193524.6
2606,296402.22
1350,482481.28
822,218771.27
2778,230873.75
4870,169615.75
1985,221596.03
12634,178947.23
7494,189682.14
10397,186053.53
3184,171741.17
875,163685.25
4425,190037.81
6285,219670.86
10272,226694.34
4413,179760.45
10671,318705.34
16477,158154.55
6068,243289.92
3085,357088.5
5694,123543.016
13369,186606.45
7268,372154.7
10542,182205.25
5755,499003.9
5152,79678.15
12310,403384.38
7778,188670.58
12539,251311.44
13140,303596.62
2991,474668.4
6763,211476.38
9780,302833.6
14402,169021.34
12143,155106.11
15306,167209.53
6408,234883.88
14645,210994.4
5708,313151.78
4461,157879.69
2649,234277.48
10758,432820.34
2495,155259.67
12117,234928.94
6946,189129.88
12901,152599.73
15637,211166.44
625,324150.78
3028,138778.7
12041,137294.52
4885,137524.67
7232,170371.53
1897,210171.73
10380,229614.56
13762,141125.89
12954,144947.75
7621,179529.9
5067,176397.92
1851,147965.7
5042,141518.38
5170,293530.03
5454,157022.42
4423,213286.22
9137,318154.0
1200,185764.02
1134,167571.44
2363,460586.72
8946,194688.97
10223,195757.45
834,338842.66
14667,212428.25
15963,217045.42
14232,165425.22
9549,141859.08
16132,156482.27
14712,230556.08
4623,309261.44
4089,211964.03
16054,308316.72
1805,356782.4
1138,213755.78
12929,193217.38
7529,110879.266
15818,171532.8
11222,215315.89
923,238563.4
10708,153831.95
8742,111727.83
648,225807.27
5287,397851.66
16378,274532.2
9837,395533.2
9653,180087.33
6568,219188.02
9930,196379.22
1823,422101.56
3194,164146.06
13453,287934.44
10226,229210.4
10301,204932.55
1186,190474.62
12857,147337.45
4883,191847.05
2854,206892.92
16744,169828.92
6559,211952.02
1986,174817.64
11373,228943.47
10019,182828.19
2322,146180.3
2214,183614.92
8759,189215.25
12228,481163.5
9563,300585.8
7271,319141.3
1161,127314.56
8436,154869.08
390,393112.97
2238,192347.92
15247,356649.25
2728,124786.79
13277,214012.62
6320,231348.36
9152,312056.22
14741,304621.3
179,174386.83
4699,413083.8
6726,140949.92
12516,144792.8
12405,173369.3
14354,248021.75
11036,281584.47
3805,271702.03
12287,256164.62
13915,178869.23
13935,160519.19
4463,363494.28
14057,162441.14
3897,165246.67
13602,85505.22
14652,206467.27
6533,206558.7
5485,210990.86
5037,157604.73
2179,192885.92
4786,215817.98
940,139501.55
13801,113143.336
2311,163764.89
15753,234008.12
7725,163232.72
14405,203731.02
13461,198584.83
14096,185285.42
15634,226706.34
11208,209464.7
8640,280038.34
13666,129010.086
9169,177898.47
5839,115862.73
5936,155766.78
8843,263822.75
10815,240877.9
12717,215013.45
8548,359289.8
8230,171264.94
11321,182206.14
9767,183253.86
497,177083.22
9143,165336.6
16166,499896.44
15231,162944.0
9568,223045.48
13185,128009.31
3594,204502.1
5924,139693.55
2949,156903.75
2762,243985.1
2017,268127.56
11116,301343.12
6626,222542.44
13055,189516.61
7852,180785.7
7930,166629.94
10694,119023.77
5922,266371.56
9209,332259.5
9278,236760.36
1482,144040.5
5671,202387.23
10618,176255.14
7303,169351.8
13702,199619.62
6451,235871.97
1761,141895.94
14567,247667.08
12064,195468.47
8526,264149.4
4270,150433.19
9845,172197.4
15987,241795.97
5923,212410.34
13302,219282.88
16052,231606.39
1613,233956.3
7662,244795.23
1705,185670.78
5845,157572.86
8873,172836.08
2798,96216.17
965,343752.53
1355,152231.38
16596,196088.28
5296,136982.78
14032,140163.6
2451,218480.53
15949,243985.78
4393,383506.16
764,169653.47
5317,218823.45
10610,167037.77
10646,167663.45
7695,161259.27
12743,102981.16
1837,255885.3
10674,166042.97
14979,228131.58
6683,230510.75
6587,179188.05
7266,169056.78
10136,143455.7
1048,207727.98
4677,186561.14
6976,357780.1
8120,159445.48
7461,308620.6
4229,176097.25
15983,127048.445
7147,361850.5
10409,260633.05
4041,208844.98
4431,271154.84
3196,274432.03
9825,226104.05
3284,150030.16
3838,150611.34
9183,161559.9
8100,270727.53
4922,175937.27
10798,93698.83
2873,201288.19
1952,164655.08
6474,192888.83
12695,208351.55
16195,143455.7
237,200023.34
13952,179157.62
11350,217306.34
946,171990.03
5985,156035.48
16427,196684.66
13937,186130.27
876,168530.8
14371,180506.45
5527,244382.69
9220,145920.34
11726,171292.66
2966,238707.34
12725,171870.16
12457,170285.92
16515,145595.39
10969,118775.09
12647,247153.0
3926,293029.3
4302,164853.45
2508,199892.9
8718,189123.22
7678,238355.84
12912,267651.97
5935,172079.6
4634,158927.88
6208,203181.98
7833,171872.11
6449,149104.2
10692,181757.03
2676,183683.8
6723,185149.3
16727,220962.5
5356,173215.27
13386,180254.42
7813,203753.45
16321,150185.48
5500,175203.67
1917,338109.25
11065,210724.16
2809,208377.92
4220,284206.06
16412,155655.44
14670,204820.64
12787,167140.08
3843,220093.11
5953,314256.12
16182,257032.66
1406,258613.69
16382,102680.43
11650,244154.98
721,158672.8
11045,227380.77
14478,179825.64
9214,272461.75
8615,159965.12
8334,272428.7
3389,355075.25
2681,108205.02
2373,235629.75
6031,192676.4
2452,142275.25
14305,176134.3
9484,187679.17
862,199146.66
3422,394349.06
304,256619.31
7697,516109.8
16394,103554.195
2882,247945.86
5600,178196.44
13649,194862.2
3440,211964.86
12920,84965.29
13733,154380.47
3106,202556.78
5959,234130.39
7748,223842.61
6345,124404.53
14551,156591.0
9496,335963.8
7180,345361.9
7883,212620.78
5875,164276.9
5126,264870.44
15605,219569.47
7306,169085.23
10020,202937.3
8909,415146.53
6719,202222.28
5243,179477.84
8971,135289.77
10062,252870.19
11962,233469.34
13462,224483.05
8986,153744.05
7320,278211.66
15855,319752.28
9415,166905.55
11908,190269.3
16582,167814.94
5573,276441.7
6704,157188.16
12499,227018.77
7110,141417.73
13600,422522.34
772,253248.14
5155,201613.22
14191,236324.19
3734,331885.66
2860,222783.97
13680,140078.11
9879,309506.72
5333,176929.48
5208,163415.2
188,171540.38
11440,154496.6
1165,113670.34
15559,168974.14
12706,183632.52
27,154755.58
4611,186440.69
12937,137916.98
16276,345558.34
6153,149210.78
12058,145999.2
14982,231976.92
15195,241958.45
778,190632.52
10769,129681.2
3268,210620.84
1286,171035.39
5450,318147.53
1221,239270.22
9940,188447.39
13325,227727.08
12270,273877.4
8822,207723.67
10897,181146.19
9330,236244.28
11984,191269.8
15056,251623.47
14954,224310.56
14905,212556.05
5219,204241.75
6613,249978.06
9139,108562.61
11456,150553.9
16626,292749.06
11247,187894.3
9972,227838.23
2631,143018.47
6526,107244.445
192,223614.17
14160,182006.36
7623,350025.06
5468,175701.67
11331,210342.08
3308,111301.016
16154,183325.66
7526,211408.12
10174,163756.55
786,353388.2
3956,378696.94
11499,180182.38
2105,221427.06
16065,206186.48
5999,81222.61
1060,265713.5
4805,364999.62
14876,192543.77
1411,183921.31
6989,168550.4
9869,304491.34
1272,231493.52
13306,171154.66
4853,294594.56
210,176403.84
4466,209599.77
2954,212831.75
11110,190131.52
6576,216566.62
10424,230187.16
14269,129942.76
7491,225227.7
2158,166161.19
7386,161534.6
10555,291175.4
13,186457.17
10184,129440.305
15576,140423.97
10698,189409.11
5375,244735.77
9089,211842.45
6126,281295.0
6973,158360.67
15437,201554.61
5000,266188.1
3690,198441.23
14190,176292.34
14930,201301.23
13468,159270.0
4658,301693.56
9111,431028.6
14766,125596.34
10291,195750.66
7295,208176.2
7394,322252.16
3936,236034.36
7127,438732.28
11822,296744.4
908,193140.14
3669,374173.84
15641,338006.47
7585,381751.28
2569,125320.95
976,137536.75
16111,153275.12
10258,149918.05
13075,318206.94
13059,231048.19
5893,180029.06
2308,254325.5
6724,179471.42
9533,161682.7
2122,129063.34
3047,202984.42
8558,151929.39
6977,236303.92
9526,209369.84
12127,200303.0
385,305407.8
13382,396675.2
4135,111865.06
10162,213576.17
6932,123232.69
13321,180335.8
3925,167206.33
14794,173190.44
15151,352373.78
7125,147779.34
12017,141978.3
12288,203500.05
5618,140213.88
14018,151492.84
16465,227345.92
5268,89933.805
14685,126771.914
6477,133095.88
6618,474208.47
12521,165935.17
14749,285389.78
783,144789.14
14120,175253.11
6367,349788.16
9493,213559.02
6941,77375.99
178,372737.56
15073,118504.64
14594,190789.38
8622,85994.33
3740,102967.53
3065,150289.7
11752,158686.53
9928,145965.8
329,209074.34
15064,154371.19
9887,183188.0
3263,177310.38
3493,179695.66
5424,192585.22
2560,166010.06
7914,384968.62
9969,231853.97
6223,198433.62
3043,259148.7
3147,128687.2
9366,175403.14
9907,164739.61
10532,280241.56
14417,184879.23
12526,177198.88
11504,146207.38
15999,225298.16
11879,281603.66
7373,238616.4
5654,343505.4
3495,218453.11
7307,142764.38
15417,196758.44
6505,184384.94
7213,179793.5
5107,222211.62
3481,169704.5
11968,407842.5
16723,167107.78
14963,193762.5
2314,121066.734
13224,176560.16
7759,119657.586
13954,224684.97
15957,433327.16
9322,220755.88
171,163149.84
6464,341417.2
12195,184130.17
3008,249203.52
11533,172110.62
8792,279973.06
13966,275526.5
3677,182326.67
10647,335495.1
10974,205896.53
11973,101447.66
12958,182163.47
9952,199250.45
15190,394114.62
560,338616.44
11684,324811.72
3366,128997.48
2163,275310.94
2229,173605.17
16643,395625.47
6554,157955.16
15889,193277.81
13411,226775.69
3818,251539.02
914,200992.48
15357,170919.2
264,220134.94
12055,190954.25
12506,298857.47
9986,195760.27
7200,430595.12
15970,160887.5
7485,198964.95
362,102034.82
2493,137210.08
7424,139284.86
7746,211436.84
62,188147.2
12124,359041.7
343,211638.8
2421,267213.25
16110,166062.83
13689,185703.3
10035,314877.28
15361,166014.44
10373,143609.78
16688,141992.45
9368,170479.1
3416,182581.9
10663,192990.16
5286,176264.4
12622,168754.47
889,233598.9
7471,159144.61
10154,190124.34
14789,170868.92
14818,252809.69
526,201308.12
11780,157896.83
7740,217010.38
9329,175157.98
7255,238993.3
16718,124286.43
14413,141835.78
8950,326648.38
7254,311154.38
5881,175227.2
16737,191881.9
9151,372317.6
9324,239043.75
578,193468.5
458,203904.48
2261,523255.88
4532,157355.72
10505,161339.52
12168,192800.34
5381,145979.03
8190,199164.31
7661,480969.66
2578,307682.1
4780,195466.38
1538,272668.56
14064,183145.11
9515,163549.16
1254,142566.3
2151,165459.6
3024,157563.14
9799,168142.06
10455,149163.88
13116,143256.55
2575,271633.22
7991,152648.53
11147,290669.94
12618,250829.14
11524,209496.67
12350,144319.25
9009,131112.1
1746,158224.6
2773,243011.55
12679,345978.47
5777,184776.7
9991,193203.92
5473,290435.8
2094,145981.67
12482,235589.31
9693,113919.28
6699,129037.055
4603,194882.94
4205,225644.14
2764,237903.81
1542,252761.34
11336,72449.0
13791,205239.31
14462,175034.5
7739,289810.12
14496,177542.28
5868,145327.02
2789,257006.33
4862,135877.67
319,172584.2
3172,175654.72
5674,181505.31
5048,213215.8
1245,454613.28
5906,199410.23
9108,163659.02
7788,195524.16
3315,183725.23
7165,236562.31
15612,245186.34
7693,62493.957
10795,183418.69
5659,189140.28
12551,265777.53
3459,284453.44
14301,217903.72
1645,118144.516
5529,386269.56
1297,161666.8
12463,217106.81
7141,141035.11
6334,169594.27
4221,367832.6
12383,379914.47
15622,174542.67
9199,170855.72
4897,184184.38
14203,149366.58
5349,144410.42
2531,156110.81
14935,156686.06
941,236040.45
11298,200165.22
15545,216971.44
7413,96955.88
6507,191196.53
5308,126641.15
7724,172433.78
14089,154254.55
5090,143699.27
15314,117483.164
15668,201679.52
14202,145648.81
16390,210223.2
1501,353396.0
16098,157380.61
4533,479375.5
11010,160842.64
8129,213896.36
3733,186318.94
7191,193718.58
5669,206139.52
10727,179364.3
2023,154723.66
6766,222889.34
1995,219568.16
6935,350482.3
4584,168745.7
9901,215645.78
16374,161925.72
9028,202418.73
7013,226804.27
3014,221223.69
7965,250505.12
653,129079.586
12103,186637.39
14000,326593.0
16101,237719.97
8147,235870.66
14304,161220.95
7371,135840.44
2779,165741.95
1781,226199.48
8516,127616.19
5298,179136.83
7948,240446.34
5177,175182.88
863,317877.62
8318,148648.7
15712,182049.97
8010,226746.42
7351,157132.42
7654,205424.66
1860,168744.28
16734,245877.67
2848,180985.38
4216,192229.69
12398,286406.9
8982,503270.1
13414,199880.16
3120,307393.03
6071,186625.86
7743,198398.47
1346,233978.48
11643,118435.25
4301,259655.66
16745,154057.52
8726,406779.84
13819,162261.67
744,167644.0
12094,217880.33
14004,189387.33
10891,271730.03
6736,241325.19
10613,275204.78
76,363104.3
1261,199128.8
6033,272718.94
16482,186781.66
3480,182012.61
4007,377265.72
6937,412293.28
6178,180262.73
14633,126711.76
9382,352346.75
11971,320179.84
14461,201923.62
2509,194746.4
10714,352216.03
14363,191826.16
4244,154545.23
227,153872.53
4498,204156.47
9453,143035.95
14134,176781.12
13920,303481.75
15077,234111.11
6680,129382.36
1899,218411.25
516,169589.95
3213,259086.89
8944,176681.86
3726,182148.0
6380,241474.72
12849,187005.42
12751,155767.36
3139,393517.03
13621,175624.3
7115,292296.72
4830,159512.28
10785,349517.72
4248,261270.52
2161,239046.94
10707,193957.81
13314,172939.83
3658,183652.45
1738,251641.3
11744,278361.34
7407,187728.61
5169,111793.04
3821,160630.95
5805,197619.27
1573,157820.14
12131,334781.66
15806,310515.3
11672,324526.56
3892,167800.27
11727,204778.95
16319,199758.12
5055,139930.27
14296,180784.83
10905,193798.77
2590,225683.2
4475,138102.27
3313,213026.84
2464,343385.72
12184,209417.12
14886,157563.4
1385,141510.78
15561,153141.42
9884,109490.08
9895,194005.08
16307,220527.17
2978,236709.88
6553,492924.75
3951,268355.84
1555,284146.72
8502,106209.64
15095,220766.34
7372,228604.14
4385,268100.9
4362,209930.19
13831,178707.52
6489,278990.22
3098,171379.14
6268,162253.62
11688,270026.4
12426,190091.75
13894,186033.58
7239,128744.164
425,358575.88
3425,106839.82
781,180492.98
6206,434312.62
6543,202885.72
13646,267367.72
1686,268599.56
10664,172217.0
13420,146581.45
14300,135611.98
10604,241305.31
64,209266.67
2786,195521.19
5622,205355.28
10123,251997.8
4096,206160.4
3502,192701.84
1758,125740.875
3570,136592.55
7227,200285.06
13451,182543.56
13668,250550.3
9599,184857.11
5260,226819.56
10087,204646.06
6075,269591.97
15227,414508.72
7864,204507.31
15836,132275.3
16267,194875.42
15771,258766.94
7644,238651.7
6026,203440.9
14857,204214.39
12003,207727.98
3770,141688.03
14196,508873.75
7468,149169.47
12165,278945.56
14233,127101.3
9126,142075.56
7229,184899.75
3384,176864.6
6401,262118.17
10877,271568.06
6045,185836.62
10901,269737.44
8999,253095.28
16355,222798.38
5110,430047.5
1474,174525.86
15023,281034.97
82,180194.5
321,240690.45
8236,423579.25
123,234716.95
7210,110164.5
8979,203784.88
9702,182526.17
9258,223528.84
1402,207727.98
15587,149918.12
14438,276352.25
9133,208377.92
9672,224744.12
9313,157003.52
1353,238865.89
514,244636.94
364,165859.84
1895,295945.8
206,371761.38
15290,210632.7
13504,199575.62
14673,140074.94
15642,340677.7
10729,217476.56
5837,436639.84
395,154848.53
3679,161616.17
7673,219736.06
7785,231817.3
10264,98142.484
7962,150950.38
11683,242618.33
15650,167206.36
4247,174474.9
14721,206149.52
11717,211973.28
5593,337745.16
7855,142542.03
5196,206985.58
4245,156066.61
11424,126689.26
15203,184018.7
14149,179712.9
1352,183823.83
16135,206723.94
7054,131155.38
2044,289438.5
1503,207258.45
14094,180836.36
12235,167783.48
8189,539029.06
16588,300286.2
9957,116055.69
9457,158818.77
3199,190944.33
10789,179970.34
5262,211585.05
6854,186084.75
969,158950.89
16613,159323.42
12748,245883.06
13926,247740.08
7390,371008.03
14971,178823.22
13103,249962.42
3616,171122.66
5860,161944.89
4162,187479.02
12144,177194.69
8544,451424.0
3238,193306.02
3341,292786.34
12864,241484.77
9101,160444.08
11325,193320.64
3180,186959.42
1965,294939.22
1893,402607.28
12668,194779.11
15030,108390.28
13404,83597.99
807,139342.06
8515,271793.03
4695,147524.69
4761,176961.62
12203,123759.8
5347,183749.44
13399,356291.78
13858,158289.53
12505,223305.92
2442,377867.12
15245,319149.44
9898,109156.25
11651,149941.1
6259,143236.17
10520,378037.56
13599,149081.4
9694,230260.14
12220,296055.53
1529,126043.664
14853,209171.17
16750,158970.84
3630,113126.74
15943,206449.94
13828,385128.12
15618,123925.984
6130,179833.94
14219,140453.34
4276,224436.17
12798,161433.28
14215,293399.16
6290,191619.02
16625,177464.22
4067,255191.31
3552,192877.05
3804,180894.08
8465,223645.33
4395,208781.75
5682,294501.75
14241,153159.55
7489,135284.5
12468,170613.94
15608,200090.06
16783,337207.75
11500,511292.12
9154,189308.94
12474,168843.34
6620,248609.75
2334,293813.56
11545,153272.72
2981,191668.34
932,120005.46
3466,113352.17
16367,145918.94
7737,241889.67
9122,132670.77
13015,203573.05
950,231355.81
14806,201248.69
7354,188224.53
13706,237972.86
13993,305909.97
10577,129610.31
4592,173566.48
10295,136883.69
16432,307960.3
6453,154036.38
621,339898.16
7114,277903.4
6310,202356.81
12769,146421.3
12078,196559.83
10073,153309.33
11732,149219.08
3146,246716.55
15028,155307.47
6718,222865.6
6256,194828.56
14217,240572.28
506,182394.23
5013,251889.45
5302,155243.48
15453,144638.19
14535,262871.97
8160,207488.27
4075,140344.69
701,262736.44
5807,164088.95
8469,274229.7
419,245442.62
2524,255746.36
1633,99771.234
2729,214176.97
11838,126100.12
6052,121225.27
1248,379964.56
6677,217225.53
1347,287168.7
8673,141579.23
7848,193953.98
2024,270251.88
8410,189969.97
11855,498239.28
16426,208201.3
1129,356440.62
10596,202446.06
12640,151096.22
1415,102198.72
3250,211069.45
11081,162922.03
2767,180846.9
2638,133780.25
5377,236229.75
5436,198784.8
10215,175457.36
2662,143999.2
6476,189849.73
618,156403.17
11895,194746.4
2292,183424.6
30,169209.19
1988,202258.5
13093,240829.34
3786,87651.195
7481,229525.47
11379,351946.06
3352,284953.34
2828,278995.06
10888,332459.12
1119,216903.89
4848,207604.06
8265,126014.9
4774,147877.34
16659,229908.67
845,289292.94
8002,265556.1
4583,259521.38
7640,213699.77
2132,453129.4
15218,173520.7
3265,205237.16
10552,284197.9
11551,174122.42
6955,127219.39
1802,150098.42
3258,182879.23
3929,157406.33
16647,121759.445
15419,138270.03
375,197175.9
9666,510650.12
8920,170024.31
398,288629.4
9583,110572.484
12655,261574.56
9282,194366.61
5057,346189.56
3279,270251.25
7187,101064.78
2428,88219.8
13916,278434.78
6406,185420.52
4224,122931.39
9906,288670.12
11094,151679.72
15896,148662.94
1397,259276.47
16704,473349.88
1816,167926.11
16043,149558.14
10670,208201.3
15967,267231.1
8740,282704.38
4110,187011.88
6402,229824.31
7551,129591.96
510,208684.48
15664,376567.3
4148,180487.03
4023,262355.6
8560,275036.62
3715,210040.69
4902,264458.12
6461,189402.0
8651,147531.38
9172,273403.1
14080,164358.36
594,142922.23
8159,459082.78
12700,245178.92
3932,144543.7
5651,172912.0
12525,183872.73
9621,106794.92
2166,150230.84
11319,235342.67
16032,235877.72
12185,222567.95
13974,220316.66
9683,274713.62
13655,356978.03
5140,102305.6
16325,251206.22
7261,200659.2
3434,237157.7
4444,278645.6
1804,109694.06
3160,142987.83
14609,112668.375
6675,245331.81
13984,392481.7
9372,160945.19
10929,234684.92
16208,329242.56
10133,129787.87
841,163113.11
7885,238703.45
1331,171629.0
7615,197451.56
11503,176255.14
11509,93256.24
5581,125678.94
14579,150302.67
8994,199998.72
10333,146414.1
10948,190058.33
10014,143305.45
4010,335304.66
5393,113022.73
9318,179174.84
5635,82831.11
13478,151389.58
13573,217427.47
6218,147471.45
5916,204869.06
16486,336623.8
5615,171513.72
14483,151783.98
11307,170913.23
11333,168278.48
7762,201535.4
13139,264394.2
14538,186872.02
14761,269914.06
13442,283752.34
835,158828.55
15275,264292.12
13908,142309.92
15237,223715.25
15616,174013.83
12420,167028.3
5165,228214.08
5091,212372.97
14626,115607.52
16485,109508.664
12564,424040.38
11169,192342.6
14017,131086.8
4445,269006.94
7735,158896.48
10654,334261.78
10365,181247.84
105,283992.6
10878,260936.61
14639,290863.03
2756,228899.48
4364,153412.69
16551,180455.42
54,256710.86
10982,271393.56
9314,212650.52
7847,216526.88
8081,280432.28
1585,226757.78
10441,162549.78
16123,276435.9
694,218332.31
3823,167138.5
6967,277166.22
273,208201.3
15406,274107.2
16472,141640.36
4562,144993.72
10267,456316.1
547,210195.69
1166,298930.66
11390,122445.89
8021,158038.42
6179,42358.78
13134,300641.38
1407,176631.73
2691,169249.1
4572,148801.7
15049,181851.97
12669,165874.61
15271,382557.47
4535,283169.78
12720,186412.16
11689,134389.9
11452,71684.695
8905,154617.97
3650,206567.28
4728,296511.78
3316,186752.23
1241,165633.58
111,178177.31
16105,209562.27
3472,173751.58
13409,364537.22
10624,371167.25
2940,321888.88
11371,126841.44
15110,153272.72
13589,385180.28
197,106454.06
8415,254575.94
5403,408161.06
10350,218490.28
13240,364136.06
4485,190441.34
14006,195399.44
11324,188442.94
13713,217872.62
12346,270746.16
5312,121731.1
8968,154953.66
8954,181381.4
2974,163756.55
4600,215087.72
4306,399981.78
12081,226695.06
6909,202498.48
7064,278462.06
8180,238882.23
3969,105895.12
13475,148010.72
3882,368158.66
1024,190338.12
4200,173552.16
14852,206323.39
11570,168582.33
7902,135931.62
997,226142.53
10286,136125.11
5195,209242.02
9476,191060.28
988,230352.78
13581,215392.02
5240,191055.53
10907,203757.45
8878,213377.5
15228,322706.5
10523,199681.81
7927,424027.03
4867,184582.25
6325,107284.805
4625,140246.5
11253,409625.25
9922,165157.81
3725,116290.586
13826,332892.25
10612,197104.89
9196,273119.0
10859,187965.9
16397,173070.86
3509,471731.22
11334,399749.75
2858,252877.75
2924,210279.66
6924,192580.11
8305,192890.34
12598,264059.5
16240,173167.16
16357,118068.4
3645,187008.97
10667,318502.97
8754,326487.94
3423,172101.84
16143,197411.64
13473,291524.75
3540,352696.38
10448,383810.6
8295,212361.95
2610,166612.75
12916,98231.11
7946,240591.53
164,130375.05
12230,143477.77
5006,219970.27
6322,154263.45
4273,407077.1
14770,178077.62
651,193048.36
6816,258566.02
8048,189403.11
8910,217181.8
8984,537935.75
7782,143305.45
7950,349952.9
4215,200216.34
10077,243843.45
195,220764.84
11932,219643.56
8047,160601.06
1489,155760.44
11019,169618.78
8155,250713.4
11444,149309.55
6607,139839.7
15929,191572.3
15721,210298.28
6273,193351.5
3418,361199.0
9311,142699.86
11280,143481.27
6427,155322.03
12249,131110.97
14632,237347.67
13567,132418.61
2604,212140.02
13845,132093.66
12898,150624.11
3640,175651.03
11143,209660.14
6463,168365.48
5604,264074.03
6511,133203.66
6825,305525.5
6754,168602.36
2612,202742.72
281,204883.14
8186,155714.5
13786,182250.23
5040,407524.66
5856,202331.06
7853,158922.84
792,159247.62
8487,259275.05
15017,162558.17
1151,166927.98
6443,219332.34
7938,257240.19
2423,125052.62
6716,160577.77
7169,128506.91
9060,259372.95
7537,143862.5
160,172074.02
6954,172281.1
9501,404050.53
6811,348055.94
6174,127003.11
7134,188691.34
1110,122801.055
11845,100372.36
3536,183894.05
15856,202067.66
14071,154497.5
9316,289035.44
14916,152120.94
15912,263447.0
15115,238774.17
4871,219498.84
2106,183377.58
1685,118403.77
14180,200764.11
15431,146355.06
12365,192607.14
980,186003.95
3847,223855.6
8151,202715.55
190,178775.48
12116,296378.78
11295,345410.3
7989,149407.4
3156,326932.34
2990,144973.55
2262,255018.62
16435,221804.8
2427,185561.5
9438,148727.94
13252,182297.31
208,180903.81
11946,149500.81
4720,152639.25
13250,171025.03
10749,194832.27
12945,191636.55
3586,172597.5
13827,69912.28
13095,178103.98
11491,356618.88
12042,270058.6
9234,165669.08
3270,221196.97
8058,202129.6
15371,424804.97
856,175725.33
4929,167589.27
14199,117038.57
9835,174065.08
4816,307753.8
16422,191280.34
16617,241615.84
6113,232527.44
12320,227357.64
3346,144600.98
9485,228176.88
14335,271138.3
1990,220514.27
9667,175542.1
3637,201796.36
13094,151420.75
13691,110562.055
230,259711.73
6658,140163.6
4375,488398.25
16730,243305.94
11770,158689.7
10823,130295.805
8352,131048.52
15149,198402.45
11124,365398.88
7338,120565.55
15862,310027.28
14101,184175.69
1972,364971.22
12053,143642.95
12513,209406.06
4669,228776.52
3913,185437.33
12529,183447.16
3648,165299.39
4408,154989.22
9167,194869.2
3894,131772.45
8412,188962.17
8451,209389.62
4612,217940.73
15765,166057.38
5787,150830.61
13074,161902.27
10643,172683.9
4019,232944.62
14307,212718.4
12432,177101.05
14013,183989.05
14382,206430.11
15220,143717.5
11958,443938.4
11430,205932.34
9782,167840.6
7603,181784.5
7240,198305.4
5319,143305.45
3598,450611.88
15090,271008.22
8152,123925.984
11797,91012.8
15567,226289.23
3520,179706.05
13945,222969.3
2114,272119.8
3967,248618.58
6765,131926.12
11453,250856.78
13837,168506.33
1257,248196.17
8911,169420.02
2291,319214.8
3691,187560.36
15748,407337.2
13305,407909.75
16283,150939.89
16248,390860.22
11877,206979.23
2444,140369.16
641,206145.83
7344,191887.12
51,253330.92
6187,423633.7
11475,146369.58
13374,282972.9
8498,213149.67
10255,254690.08
12314,264490.66
11525,203178.31
14595,215497.84
11787,158217.27
8321,329274.9
14869,161695.75
10637,268857.22
2184,188567.58
16789,215333.66
10808,175283.44
615,177577.05
6096,188752.61
10966,174417.64
11291,138066.89
1338,171150.64
16217,349860.22
14540,202253.78
15581,165297.47
8689,331745.06
4538,159274.98
6877,118062.75
326,183069.1
2088,92682.9
9136,155424.33
7197,218862.78
12504,185030.1
9236,187088.8
9386,257918.62
6853,167541.62
1006,187083.02
6669,311712.16
7769,325061.8
10623,188656.52
8975,124994.82
998,243490.36
10281,200318.0
15565,144854.55
16072,310510.4
9851,158632.08
8841,106635.05
15206,145696.17
16677,157203.23
1957,183414.34
917,334459.16
16152,215955.0
4651,289049.38
9602,301560.9
1028,300224.44
2267,186736.02
16525,82128.08
4872,241713.48
6246,186789.94
5801,168097.75
3873,187510.95
971,146228.84
11640,150246.06
16531,187490.05
417,157664.31
9932,142712.06
5692,399030.94
11152,249208.61
2725,156962.28
4016,224364.31
3834,428929.72
1681,179309.16
9331,233419.11
14015,183977.14
14548,214767.45
7514,270236.8
11384,202359.52
16230,183314.8
13079,160525.34
7107,153923.16
15180,417001.34
8948,174273.67
1622,141177.84
14671,402601.75
15984,202532.03
8546,159250.69
7581,300727.97
13303,438356.8
16256,483823.3
14544,173501.27
11498,168839.11
6287,172822.6
8578,229948.64
4896,190913.94
15795,148943.1
8267,123905.74
6445,273968.9
1829,145369.6
1907,84466.74
7021,203545.75
7460,418528.75
16611,134991.92
9033,147524.69
3344,169653.47
13751,200922.33
9665,165759.61
14298,130633.625
10375,174741.4
14986,214926.8
6904,184094.27
6456,163966.22
8227,197471.12
3523,309058.75
13842,116694.77
13900,210262.72
6274,91629.65
6011,298738.25
990,177746.36
11589,242012.66
15016,176272.97
13281,188223.94
16301,179003.4
6175,273938.2
9820,113867.74
12024,193345.6
2535,142057.97
14486,398379.25
9973,156244.39
153,232240.06
16215,177991.75
102,156546.81
9888,356193.75
4285,195526.03
4330,144134.25
10156,335797.2
10601,127086.414
11519,458030.9
113,183078.81
11705,154584.22
8167,179306.58
4047,272457.78
2443,123831.52
9232,253633.5
12615,175123.86
11742,225724.92
947,314829.28
15412,87517.82
13365,396325.38
7432,109561.016
52,315362.66
3177,180898.6
16228,478804.34
9416,189188.7
4429,168815.8
6330,315147.0
6866,198302.36
13494,209022.78
7819,182995.67
5873,157431.27
4963,233989.14
11573,149781.03
10150,329946.03
14793,141786.75
12873,151811.7
15243,276295.78
4821,224320.03
11709,327728.2
9596,170275.61
8197,140543.69
9519,164359.88
5796,174186.48
2812,399872.78
10616,219686.69
3382,161825.39
11890,208371.34
13069,184895.98
10158,217598.69
8252,206015.22
8834,160296.12
14676,137933.02
13060,228083.81
10379,169856.97
16138,358667.56
3912,145354.52
5722,192902.31
11004,277227.56
